{"version":0,"bundler":"metro","fileMetadata":{"android":{"bundle":"_expo/static/js/android/entry-22a361ec2a4da6c57e4d279121d13d95.hbc","assets":[{"path":"assets/778ffc9fe8773a878e9c30a6304784de","ext":"png"},{"path":"assets/c79c3606a1cf168006ad3979763c7e0c","ext":"png"},{"path":"assets/02bc1fa7c0313217bde2d65ccbff40c9","ext":"png"},{"path":"assets/35ba0eaec5a4f5ed12ca16fabeae451d","ext":"png"},{"path":"assets/0a328cd9c1afd0afe8e3b1ec5165b1b4","ext":"png"},{"path":"assets/3cd68ccdb8938e3711da2e8831b85493","ext":"png"},{"path":"assets/61ca7e64b7d605716c57706cef640b9a","ext":"png"},{"path":"assets/aff2c65b39a296d4f7e96d0f58169170","ext":"png"},{"path":"assets/d8e7601e3df962f83c62371ac14964d8","ext":"png"},{"path":"assets/3cd68ccdb8938e3711da2e8831b85493","ext":"png"},{"path":"assets/0747a1317bbe9c6fc340b889ef8ab3ae","ext":"png"},{"path":"assets/d84e297c3b3e49a614248143d53e40ca","ext":"png"},{"path":"assets/1190ab078c57159f4245a328118fcd9a","ext":"png"},{"path":"assets/78c625386b4d0690b421eb0fc78f7b9c","ext":"png"},{"path":"assets/0747a1317bbe9c6fc340b889ef8ab3ae","ext":"png"},{"path":"assets/4403c6117ec30c859bc95d70ce4a71d3","ext":"png"},{"path":"assets/069d99eb1fa6712c0b9034a58c6b57dd","ext":"png"},{"path":"assets/c3273c9e5321f20d1e42c2efae2578c4","ext":"png"},{"path":"assets/286d67d3f74808a60a78d3ebf1a5fb57","ext":"png"},{"path":"assets/d1ea1496f9057eb392d5bbf3732a61b7","ext":"png"},{"path":"assets/19eeb73b9593a38f8e9f418337fc7d10","ext":"png"},{"path":"assets/ab19f4cbc543357183a20571f68380a3","ext":"png"},{"path":"assets/d8b800c443b8972542883e0b9de2bdc6","ext":"png"},{"path":"assets/412dd9275b6b48ad28f5e3d81bb1f626","ext":"png"},{"path":"assets/017bc6ba3fc25503e5eb5e53826d48a8","ext":"png"},{"path":"assets/20e71bdf79e3a97bf55fd9e164041578","ext":"png"},{"path":"assets/4e85bc9ebe07e0340c9c4fc2f6c38908","ext":"ttf"},{"path":"assets/695d5a1c6f29a689130f3aaa573aec6e","ext":"png"},{"path":"assets/b507e7f2c91ebc8fe24dee79ccb3b600","ext":"png"},{"path":"assets/8a4d0e5b845044e56e3b2df627d01cfd","ext":"png"},{"path":"assets/8f14e478886737f3323a2ac79c833749","ext":"png"}]}}}